"","SNP1","SNP2","Zscore","ZP","glm_score"
"1","X8","X15",2.886625993773,0.00389396804555085,0.00268694216047991
"2","X4","X15",2.78731419105636,0.00531469227851507,0.00631892950537909
